Publish Date,Content Title,Content Type,Primary Keyword,Intent,Word Count Target,Status,URL Slug
2026-05-28,BPC-157 Dosage Guide for Research Labs,Blog/Article,bpc 157 dosage,Informational,1500,Planned,/research/bpc-157-dosage-guide
2026-06-04,How to Reconstitute Lyophilized Peptides (Step-by-Step),Blog/Article,how to reconstitute peptides,Informational,1500,Planned,/research/peptide-reconstitution-guide
2026-06-11,BPC-157 vs TB-500: Research Applications Compared,Comparison,bpc 157 vs tb 500,Informational,2000,Planned,/research/bpc-157-vs-tb-500
2026-06-18,What Is a Bioregulator? Definition and Research Uses,Definition/Glossary,what is a bioregulator,Informational,1200,Planned,/research/what-is-a-bioregulator
2026-06-25,Best Peptides for Tissue Repair Research (2026),Pillar,best peptides for healing,Informational,2500,Planned,/research/best-peptides-for-healing
2026-07-02,Research Peptide FAQ Hub,FAQ Hub,research peptides,Informational,2000,Planned,/support/faq
2026-07-09,Peptide COA Guide: How to Read Third-Party Testing,Guide,peptide certificate of analysis,Informational,1800,Planned,/research/how-to-read-peptide-coa
2026-07-16,Bioregulator Peptides Category Landing,Category Page,bioregulator peptides,Commercial,800,Planned,/shop/bioregulators
2026-07-23,Where to Buy Research Peptides Online (USA),Landing,where to buy peptides,Transactional,1200,Planned,/research/where-to-buy-research-peptides
2026-07-30,Thymulin Peptide: Research Overview,Pillar,thymulin peptide,Informational,1500,Planned,/research/thymulin-research-overview
